Communication ID,Communication Type,Audience,Purpose,Frequency,Format,Owner,Distribution Method,Meeting Duration,Agenda Topics,Key Stakeholders,Escalation Level,Success Metrics,Status,Next Scheduled,Notes
COMM-001,Executive Status Report,Executive Sponsors,IDP project status and AI/ML model performance,Weekly,Email Report,EO Project Manager,Email distribution list,N/A,"""Model accuracy metrics, processing volumes, key decisions needed""",EO Quarterback and IT Director,Executive,Report delivered on time and strategic decisions made,Active,[DATE],Include AI/ML performance dashboard and ROI tracking
COMM-002,IDP Steering Committee,Project Steering Committee,Strategic direction and scope decisions for AI implementation,Bi-weekly,In-Person Meeting,EO Project Manager,Meeting invitation,60 minutes,"""AI/ML strategy, model performance, budget, timeline, scope changes""",EO Quarterback and Department Heads,Strategic,Meeting attendance >80% and critical decisions documented,Active,[DATE],Decision authority for AI model requirements and budget
COMM-003,Development Team Standup,Core IDP Development Team,Daily coordination for AI/ML development and integration,Daily,Virtual Meeting,EO Quarterback,Video conference,15 minutes,"""Model training progress, API development status, integration blockers""",Development Team and ML Engineers,Operational,Daily attendance >90% and technical blockers resolved,Active,[DATE],Focus on AI/ML development coordination and impediments
COMM-004,AI/ML Architecture Review,Technical and Data Science Teams,AI model architecture and performance optimization,Weekly,Technical Meeting,EO Quarterback,Meeting invitation,90 minutes,"""Model architecture, training data quality, accuracy improvements""",EO Sales Engineer (Solution Architecture) and Data Scientists,Technical,Model decisions documented and performance targets achieved,Active,[DATE],Include model validation results and training metrics
COMM-005,Document Processing Risk Review,Risk Management Team,AI accuracy risks and model performance monitoring,Bi-weekly,Risk Meeting,EO Quarterback,Meeting invitation,45 minutes,"""Model drift risks, accuracy degradation, data quality issues""",EO Project Manager and EO Delivery Engineer (Technical Leadership),Management,Risk register updated and AI-specific mitigations tracked,Active,[DATE],Focus on AI/ML operational risks and performance monitoring
COMM-006,Business User Feedback,Document Processing Users,Requirements validation and AI accuracy feedback,Weekly,Workshop Session,EO Sales Engineer,Workshop invitation,120 minutes,"""Document type requirements, extraction accuracy review, workflow feedback""",Business Stakeholders and Document Processors,Business,User sign-off on AI extraction accuracy and workflow design,Active,[DATE],Include hands-on testing of document processing workflows
COMM-007,AI Model Sprint Review,AI/ML Development Team,Model training progress and accuracy demonstrations,Bi-weekly,Demo Meeting,EO Quarterback,Video conference,60 minutes,"""Model training results, accuracy metrics, extraction demonstrations""",Data Science Team and Product Owner,Team,Model accuracy goals achieved and feedback incorporated,Active,[DATE],Live demonstration of document processing and extraction results
COMM-008,AWS Services Coordination,AWS Technical Teams,AWS AI service optimization and integration coordination,Weekly,Technical Call,EO Engineer,Conference call,45 minutes,"""Textract performance, Comprehend integration, service optimization""",AWS Technical Team and EO Sales Engineer (Solution Architecture),Technical,AWS service performance targets met and issues resolved,Active,[DATE],Track Textract/Comprehend SLAs and optimization opportunities
COMM-009,Document Quality Review,Quality Assurance and Data Science,Document processing quality and model validation,Weekly,QA Meeting,EO Quarterback,Meeting invitation,45 minutes,"""Model accuracy testing, document quality assessment, validation results""",QA Team and Data Scientists,Quality,Quality gates met and model accuracy within tolerance,Active,[DATE],Include model validation metrics and document quality analysis
COMM-010,Change Control Board,Change Control Board,AI model changes and system modification approvals,As Needed,Change Meeting,EO Engineer,Meeting invitation,60 minutes,"""Model updates, processing workflow changes, scope modifications""",Change Control Board Members,Governance,Change requests processed within SLA and impact assessed,Active,[DATE],Include AI model versioning and rollback procedures
COMM-011,User Training Update,Training and Business Teams,IDP user training progress and readiness assessment,Bi-weekly,Training Call,EO Engineer,Conference call,30 minutes,"""Training material development, user competency, adoption readiness""",Training Team and Business Managers,Operational,Training materials ready and user competency validated,Active,[DATE],Include hands-on training with actual document processing
COMM-012,Security and Compliance Review,Security and Compliance Teams,Data protection and AI model security assessment,Monthly,Security Meeting,EO Quarterback,Meeting invitation,60 minutes,"""Data encryption, model security, compliance validation, audit readiness""",Security Team and Compliance Officer,Security,Security requirements met and compliance validated,Active,[DATE],Include document data protection and AI model security
COMM-013,AWS Infrastructure Update,Infrastructure and DevOps Teams,AWS infrastructure performance and capacity planning,Weekly,Infrastructure Call,EO Engineer,Conference call,30 minutes,"""AWS service performance, cost optimization, capacity planning""",Infrastructure Team and Cloud Architect,Technical,Infrastructure performance targets met and costs optimized,Active,[DATE],Include AWS cost monitoring and service utilization metrics
COMM-014,Business Readiness Assessment,Business Stakeholders,Document processing workflow readiness and change management,Bi-weekly,Business Meeting,EO Quarterback,Meeting invitation,45 minutes,"""Workflow transition readiness, user adoption, process changes""",Business Managers and Document Processors,Business,Business readiness criteria met and users prepared for automation,Active,[DATE],Include user acceptance of automated document processing
COMM-015,Go-Live Preparation,Go-Live Coordination Team,Production deployment and AI model go-live readiness,Daily (2 weeks before),Go-Live Meeting,EO Project Manager,Video conference,30 minutes,"""Model deployment checklist, production readiness, rollback procedures""",All Team Leads and Operations Manager,Critical,Go-live criteria met and AI model deployment ready,Planned,[DATE],Intensive coordination for AI model production deployment
COMM-016,Post-Implementation Review,Project and Operations Teams,AI model performance review and optimization opportunities,Monthly (3 months),Review Meeting,EO Quarterback,Meeting invitation,90 minutes,"""Model accuracy trends, processing efficiency, optimization opportunities""",Core Project Team and Business Stakeholders,Review,Performance improvements identified and optimization roadmap created,Planned,[DATE],Include model drift analysis and continuous improvement planning
COMM-017,Critical Issue Escalation,Emergency Response Team,Critical AI system failures and model performance issues,As Needed,Emergency Call,EO Sales Engineer,Emergency notification,Variable,"""Model failures, accuracy degradation, system outages, resolution actions""",Incident Response Team and Management,Emergency,Critical issues resolved within SLA and service restored,Active,[DATE],Include AI model rollback and emergency procedures
COMM-018,Stakeholder Briefing,All Project Stakeholders,General IDP project updates and AI/ML achievement communication,Monthly,All-Hands Meeting,EO Project Manager,Town hall meeting,45 minutes,"""AI implementation progress, accuracy achievements, user adoption success""",All Project Stakeholders,Informational,Stakeholder engagement maintained and AI success communicated,Active,[DATE],Include AI/ML achievements and document processing success stories
COMM-019,Technical Deep Dive,Technical and Data Science Teams,AI/ML technical knowledge sharing and problem-solving,As Needed,Technical Session,EO Quarterback,Meeting invitation,90 minutes,"""Model architecture challenges, training optimization, integration solutions""",Technical Team Members and Data Scientists,Technical,Technical challenges resolved and AI/ML knowledge shared,Active,[DATE],Include model training best practices and troubleshooting guides
COMM-020,Client Update Call,External Client,Client IDP progress and AI model performance updates,Bi-weekly,Client Call,EO Project Manager,Client meeting,45 minutes,"""AI implementation progress, accuracy metrics, business value demonstration""",Client Stakeholders and Account Manager,Client,Client satisfaction maintained and AI value proposition communicated,Active,[DATE],Professional communication with clear AI business value and ROI
COMM-021,Model Performance Review,Data Science and Operations,AI model accuracy monitoring and retraining planning,Weekly,Performance Meeting,EO Quarterback,Video conference,45 minutes,"""Accuracy trends, model drift detection, retraining requirements""",Data Scientists and Operations Team,Technical,Model performance maintained above thresholds and drift detected early,Active,[DATE],Include model monitoring dashboards and retraining schedules
COMM-022,Document Type Review,Business and Technical Teams,New document type requirements and model expansion,Monthly,Requirements Meeting,EO Quarterback,Meeting invitation,60 minutes,"""New document types, extraction requirements, model enhancement needs""",Business SMEs and AI/ML Team,Business,New requirements captured and model expansion roadmap defined,Active,[DATE],Include document type classification and extraction complexity assessment
